{"cameraMode":{"drawMode":0,"name":"Shaded","section":"Shading Mode"},"sceneLighting":true,"audioPlay":false,"sceneViewState":{"showFog":true,"showMaterialUpdate":false,"showSkybox":true,"showFlares":true,"showImageEffects":true,"showParticleSystems":true},"in2DMode":false,"pivot":{"x":0.3102226257324219,"y":1.758835792541504,"z":-8.630837440490723},"rotation":{"x":-0.2615036070346832,"y":0.7101985216140747,"z":-0.3287266790866852,"w":-0.5649753212928772},"size":3.3543951511383058,"orthographic":false}